source,author,title,description,url,urlToImage,publishedAt,content
Lifehacker.com,Brendan Hesse,Everything You Missed From Today's Facebook Connect 2020 Event,"Today’s Facebook Connect kicked off with a two-hour keynote that detailed the company’s latest virtual and augmented reality developments. There were product announcements, new apps and games on display, and compelling peeks at some speculative technology. We…",https://lifehacker.com/everything-you-missed-from-todays-facebook-connect-2020-1845081243,"https://i.kinja-img.com/gawker-media/image/upload/c_fill,f_auto,fl_progressive,g_center,h_675,pg_1,q_80,w_1200/pfbtvaqpvu9sxnehdild.jpg",2020-09-16 20:30:00,"Todays Facebook Connect kicked off with a two-hour keynote that detailed the companys latest virtual and augmented reality developments. There were product announcements, new apps and games on displa… [+5586 chars]"
Lifehacker.com,Joel Cunningham,How to Turn Off Alexa's Creepy 'Whisper Mode',"I love my smart speaker—as much as one can ever love a piece of privacy-stealing technology that only exists to gather information about you, I suppose—but that doesn’t mean I don’t find many things about it creepy, in a dystopian sort of way. And one of the …",https://lifehacker.com/how-to-turn-off-alexas-creepy-whisper-mode-1844908094,"https://i.kinja-img.com/gawker-media/image/upload/c_fill,f_auto,fl_progressive,g_center,h_675,pg_1,q_80,w_1200/xnejlf6wytytpdfjhlxc.jpg",2020-08-31 20:30:00,"I love my smart speakeras much as one can ever love a piece of privacy-stealing technology that only exists to gather information about you, I supposebut that doesnt mean I dont find many things abou… [+1722 chars]"
Lifehacker.com,Elizabeth Yuko,How to Avoid Getting a Last-Minute Booking Blocked by Airbnb,"Airbnb is cracking down on parties. They are now basically the equivalent of your parents when you were in high school. Even if you refer to it as a “small gathering,” there is still the possibility of making a mess or other types of property damage. So to av…",https://lifehacker.com/how-to-avoid-getting-a-last-minute-booking-blocked-by-a-1844967058,"https://i.kinja-img.com/gawker-media/image/upload/c_fill,f_auto,fl_progressive,g_center,h_675,pg_1,q_80,w_1200/pggh6tysd4jonlzkuadi.jpg",2020-09-06 14:00:00,"Airbnb is cracking down on parties. They are now basically the equivalent of your parents when you were in high school. Even if you refer to it as a small gathering, there is still the possibility of… [+1587 chars]"
Lifehacker.com,"Beth Skwarecki on Vitals, shared by Beth Skwarecki to Lifehacker",Tackle a Hill Head-On,"Did you find a new trail to run or hike for last week’s challenge? This week is another trail-compatible one, and I encourage you to find someplace fun to do it. But we’re going to take it up a notch, because I want you to specifically find a scary hill. And …",https://vitals.lifehacker.com/tackle-a-hill-head-on-1845026700,"https://i.kinja-img.com/gawker-media/image/upload/c_fill,f_auto,fl_progressive,g_center,h_675,pg_1,q_80,w_1200/es2nldvq7q1eetobcqfe.jpg",2020-09-11 16:30:00,"Did you find a new trail to run or hike for last weeks challenge? This week is another trail-compatible one, and I encourage you to find someplace fun to do it. But were going to take it up a notch, … [+2662 chars]"
Lifehacker.com,"Meghan Moravcik Walbert on Offspring, shared by Meghan Moravcik Walbert to Lifehacker",How to Communicate With Kids When You're Wearing a Mask,"“Mask-muffle” is a term I just made up, but it’s a real thing. If the cloth is meant to block a bunch of tiny respiratory droplets, it’s bound to muffle our words a bit, too. It can be hard enough to catch every word when you’re standing close to someone in a…",https://offspring.lifehacker.com/how-to-communicate-with-kids-when-youre-wearing-a-mask-1845067940,"https://i.kinja-img.com/gawker-media/image/upload/c_fill,f_auto,fl_progressive,g_center,h_675,pg_1,q_80,w_1200/r7umj3takuljhctbv9w8.jpg",2020-09-17 13:00:00,"Mask-muffle is a term I just made up, but its a real thing. If the cloth is meant to block a bunch of tiny respiratory droplets, its bound to muffle our words a bit, too. It can be hard enough to cat… [+4194 chars]"
Engadget,Richard Lawler,Watch Elon Musk's Neuralink reveal live at 6PM ET,"Last year Neuralink launched with lofty promises of developing chips and technology that will connect human brains to computers, and now the company is ready to show off its progress. Elon Musk said the webcast will include a look at a working Neuralink devic…",https://www.engadget.com/neuralink-bmi-livestream-214856853.html,https://o.aolcdn.com/images/dims?resize=1200%2C630&crop=1200%2C630%2C0%2C0&quality=95&image_uri=https%3A%2F%2Fs.yimg.com%2Fos%2Fcreatr-uploaded-images%2F2020-08%2F0beead00-e978-11ea-89ff-16d5c28bcfdb&client=amp-blogside-v2&signature=1688bf1caa73538af8f2c0ca8eab87a7f9c0f8cd,2020-08-28 21:48:56,"Last year Neuralink launched with lofty promises of developing chips and technology that will connect human brains to computers, and now the company is ready to show off its progress. Elon Musk said … [+171 chars]"
Engadget,Steve Dent,Xiaomi's under-display camera tech is coming to phones next year,"Under-display cameras do a neat trick, allowing manufacturers to build all-screen phones without complex pop-up selfie cameras. Now, Xiaomi has unveiled its third-generation of under-display cameras and promised that the technology will be coming to the mass …",https://www.engadget.com/xiaomis-under-display-camera-tech-is-coming-to-phones-next-year-130012911.html,https://o.aolcdn.com/images/dims?resize=1200%2C630&crop=1200%2C630%2C0%2C0&quality=95&image_uri=https%3A%2F%2Fs.yimg.com%2Fos%2Fcreatr-uploaded-images%2F2020-08%2F91e25a50-e91f-11ea-9f6c-bbfe604c8b07&client=amp-blogside-v2&signature=df0e807f9612a45abdb84c3b1ae7fb3bb0801b86,2020-08-28 13:00:12,"Xiaomi developed its own pixel grid arrangement that allows light to pass through the gap area of sub-pixels. At the same time, each single pixel has a complete RGB subpixel layout with no sacrifice … [+724 chars]"
Engadget,Steve Dent,Pentagon says Microsoft still deserves $10 billion JEDI cloud contract,"After an internal investigation, the US Department of Defense (DoD) announced that is standing by its decision to award the $10 billion JEDI cloud computing contract to Microsoft and not Amazon. The probe was triggered after Amazon complained that the integri…",https://www.engadget.com/pentagon-microsoft-dod-jedi-defense-094536689.html,https://o.aolcdn.com/images/dims?resize=1200%2C630&crop=1200%2C630%2C0%2C0&quality=95&image_uri=https%3A%2F%2Fs.yimg.com%2Fos%2Fcreatr-uploaded-images%2F2020-09%2Fad4472f0-f0e6-11ea-bdf5-79e54a6abe6f&client=amp-blogside-v2&signature=df79ed3cdb187ba44d0f9289558cfa995e8f840c,2020-09-07 09:45:36,"The DoD has said that the cloud contract, which will provide storage, AI processing, machine learning and more is essential to modernizing the US military. Oracle and IBM bid along with Microsoft and… [+1253 chars]"
Engadget,Christine Fisher,Skullcandy’s Crusher Evo headphones are even better at rattling your brain,"Skullcandy says its new Crusher Evo wireless headphones are more brain rattling than ever. The Crusher line has been using haptics to create ""an ultra-realistic sensory bass experience"" since 2013, but Skullcandy says the Crusher Evo cans offer “more multi-di…",https://www.engadget.com/skullcandy-crusher-evo-headphones-151354665.html,https://o.aolcdn.com/images/dims?resize=1200%2C630&crop=1200%2C630%2C0%2C0&quality=95&image_uri=https%3A%2F%2Fs.yimg.com%2Fos%2Fcreatr-uploaded-images%2F2020-09%2F0bd96b30-edf5-11ea-aacc-ee8653355bef&client=amp-blogside-v2&signature=855f6c2ec50e7a30bdd1a492d829b8fef2b2d376,2020-09-03 15:13:54,"The Evo promise 40 hours of battery life, plus rapid charging technology that delivers a four-hour boost with a 10-minute charge. Touch controls let users take calls, change tracks, adjust volume and… [+249 chars]"
Engadget,Richard Lawler,Apple's latest iOS 14.2 beta adds a built-in control for Shazam,"Two years after completing its $400 million acquisition of Shazam, Apple is showing developers what the technology can do when it’s integrated directly with iOS. A version of the iOS 14.2 beta that’s currently in testing includes the ability to add Shazam’s M…",https://www.engadget.com/shazam-music-recognition-ios-14-2-020959942.html,https://o.aolcdn.com/images/dims?resize=1200%2C630&crop=1200%2C630%2C0%2C0&quality=95&image_uri=https%3A%2F%2Fs.yimg.com%2Fos%2Fcreatr-uploaded-images%2F2020-09%2F85a38770-f953-11ea-bbb9-94a4b96588d1&client=amp-blogside-v2&signature=b8e57e09a64cd9192b231ee848afd21b220c7881,2020-09-18 02:09:59,"Two years after completing its $400 million acquisition of Shazam, Apple is showing developers what the technology can do when it’s integrated directly with iOS. A version of the iOS 14.2 beta that’s… [+364 chars]"
Engadget,Steve Dent,Elon Musk teases 'working Neuralink device' reveal on August 28th,"Elon Musk has revealed more details about a promised development update for Neuralink, the brain-computer interface designed to help folks with severe brain injuries. Musk said the company will show a “working Neuralink device” during a live webcast on Friday…",https://www.engadget.com/working-neuralink-device-on-august-28th-at-3-pm-et-081007843.html,https://o.aolcdn.com/images/dims?resize=1200%2C630&crop=1200%2C630%2C0%2C0&quality=95&image_uri=https%3A%2F%2Fs.yimg.com%2Fos%2Fcreatr-uploaded-images%2F2020-08%2F5565ae00-e76d-11ea-a79e-831cc99d5d03&client=amp-blogside-v2&signature=8960fc53eae16889c219815642e2bd8f8278ee66,2020-08-26 08:10:07,"Neuralink said it first aims to help amputees, or restore the ability to see, talk and listen. While the company hasn’t announced any human testing, it has been tried on primates, with Musk saying “a… [+421 chars]"
Engadget,Engadget,The Morning After: Microsoft isn't buying TikTok,"Weekends are usually a quiet couple of days for tech news. Not this time, TMA reader. Firstly, Microsoft isn’t buying Tiktok, but a similarly senior tech company — Oracle — is now the most likely (if not the only possible) buyer. Then we have NVIDIA buying AR…",https://www.engadget.com/the-morning-after-microsoft-isnt-buying-tik-tok-112523426.html,https://o.aolcdn.com/images/dims?resize=1200%2C630&crop=1200%2C630%2C0%2C0&quality=95&image_uri=https%3A%2F%2Fs.yimg.com%2Fos%2Fcreatr-uploaded-images%2F2020-09%2F97968bd1-f66f-11ea-bfc7-c4571cd1635c&client=amp-blogside-v2&signature=53e0a8be893053202371a76b6a480af4a480db64,2020-09-14 11:25:45,"Weekends are usually a quiet couple of days for tech news. Not this time, TMA reader. Firstly, Microsoft isn’t buying Tiktok, but a similarly senior tech company — Oracle — is now the most likely (if… [+2605 chars]"
Engadget,Christine Fisher,Neato’s robotic D10 vacuum uses LIDAR-based navigation,"Neato’s newest robotic vacuum, the Neato D10, uses LIDAR-based technology and a HEPA filter that captures virtually 100 percent of allergens, the company says. It offers a runtime of 150 minutes, the widest brush and largest dirt bin on the market, supposedly…",https://www.engadget.com/neato-d10-robotic-vacuum-lidar-hepa-151909764.html,https://o.aolcdn.com/images/dims?resize=1200%2C630&crop=1200%2C630%2C0%2C0&quality=95&image_uri=https%3A%2F%2Fs.yimg.com%2Fos%2Fcreatr-uploaded-images%2F2020-09%2Fad3e2730-eebe-11ea-bebf-96fabf77839f&client=amp-blogside-v2&signature=d82dcec9b3f5427b99c26f37f346a1d78f26cfd3,2020-09-04 15:19:09,"Thanks to the upgraded app, users will be able to set up their Neato D10 in just six steps. As promised, Neato vacuums now work with Siri Shortcuts, as well as Alexa and Google Assistant. You can map… [+736 chars]"
Engadget,Jon Fingas,SoftBank is reportedly close to selling ARM to NVIDIA,"SoftBank might be close to finding a buyer for ARM, and it won’t surprise you who the bidder might be. Wall Street Journal sources say SoftBank is close to a deal to sell ARM Holdings to NVIDIA for “more than” $40 billion. The two have reportedly been in excl…",https://www.engadget.com/softbank-near-selling-arm-to-nvidia-190823916.html,https://o.aolcdn.com/images/dims?resize=1200%2C630&crop=1200%2C630%2C0%2C0&quality=95&image_uri=https%3A%2F%2Fs.yimg.com%2Fos%2Fcreatr-uploaded-images%2F2020-09%2F477f82d0-f527-11ea-aff5-5ea05774eaae&client=amp-blogside-v2&signature=e0e36c1765c9789d6701d955eb45e89726e4d1db,2020-09-12 19:08:23,"NVIDIA declined to comment to Engadget. We’ve also asked SoftBank and ARM for comment.
If a deal goes through, it could represents one of the largest semiconductor buyouts in history. It potentially… [+694 chars]"
Engadget,Jessica Conditt,Alphabet's Verily begins offering stop-loss health insurance,"Verily, Alphabet’s healthcare business, is overseeing a new subsidiary that will offer stop-loss insurance to employers. Coefficient Insurance Company is backed by insurance megacorp Swiss Re, and relies on data analytics to predict and reduce risk.Stop-loss …",https://www.engadget.com/alphabet-verily-health-inscurance-coefficient-212604107.html,https://o.aolcdn.com/images/dims?resize=1200%2C630&crop=1200%2C630%2C0%2C0&quality=95&image_uri=https%3A%2F%2Fs.yimg.com%2Fos%2Fcreatr-uploaded-images%2F2020-08%2F85cd1c10-e716-11ea-affd-7cff564067af&client=amp-blogside-v2&signature=4406726e30119753e82b776084dedc3e13feb660,2020-08-25 21:26:04,"Verily is bringing the hardware, software and data science to Coefficient, while Swiss Re has the distribution network and practical knowledge in the $20 billion stop-loss market. Swiss Re made a min… [+840 chars]"
Engadget,Devindra Hardawar,"Intel unveils Tiger Lake CPUs, rebrands Project Athena as 'Intel Evo'","Intel gave us a deep look at its upcoming 11th generation”Tiger Lake” CPUs last month — now, it’s officially unveiling the chips we can expect in thin and light laptops later this year. And that’s not all: the company also announced “Intel Evo,” the second it…",https://www.engadget.com/intel-tiger-lake-launch-evo-project-athena-164502057.html,https://o.aolcdn.com/images/dims?resize=1200%2C630&crop=1200%2C630%2C0%2C0&quality=95&image_uri=https%3A%2F%2Fs.yimg.com%2Fos%2Fcreatr-uploaded-images%2F2020-09%2F22a5b540-ed3b-11ea-bbe5-d747f07606d0&client=amp-blogside-v2&signature=f8d962e999fb02e26685546b3676884d43e42851,2020-09-02 16:45:02,Intel is offering Tiger Lake chips in two packages: One with a 12 to 28-watt thermal profile and other reaching 7 to 14 watts. That gives PC makers the flexibility to use the CPUs in a variety of har… [+774 chars]
Engadget,Karissa Bell,How TikTok got caught in the middle of a trade war with China,"Less than three years after merging with Musical.ly, TikTok looked like it might just achieve something many have tried but few have accomplished: becoming an actual competitor with Facebook and Instagram.Then Donald Trump stepped in. 
After weeks of threats,…",https://www.engadget.com/how-tiktok-got-caught-in-middle-trade-war-with-china-223010428.html,https://o.aolcdn.com/images/dims?resize=1200%2C630&crop=1200%2C630%2C0%2C0&quality=95&image_uri=https%3A%2F%2Fs.yimg.com%2Fos%2Fcreatr-uploaded-images%2F2020-08%2F5cb0a910-ebde-11ea-b7b7-faee78bf78d0&client=amp-blogside-v2&signature=61056613af4b1ff860b5b9478bc70b0d6400dff6,2020-09-04 22:30:10,"After weeks of threats, the president delivered an ultimatum to TikTok and its owner ByteDance: sell the app’s US operations to an American company or it would be banned. He gave the company little m… [+1296 chars]"
Engadget,Mariella Moon,Portland officials pass strict ban on facial recognition systems,"Portland, Oregon officials have passed what could be the strictest municipal ban on facial recognition in the country. It’s not just local government units, such as the police, that can no longer use facial recognition under the city’s new regulations — priva…",https://www.engadget.com/portland-facial-recognition-ban-035952590.html,https://o.aolcdn.com/images/dims?resize=1200%2C630&crop=1200%2C630%2C0%2C0&quality=95&image_uri=https%3A%2F%2Fs.yimg.com%2Fos%2Fcreatr-uploaded-images%2F2020-09%2F7e29be80-f311-11ea-b3ce-7a6e647c658b&client=amp-blogside-v2&signature=7a3bb6eaa1bb0112d00229fc3bde099ddf728a81,2020-09-10 03:59:52,"Portland’s officials first revealed that they were working on the bill back in November 2019, and that if the bill passes, it will be the first to prohibit private businesses from deploying facial re… [+1364 chars]"
Engadget,Christine Fisher,Google makes it easier to find local news through Podcasts and Assistant,"While news podcasts are increasingly popular, most focus on national and global news. It tends to be harder to find local news, especially in an on-demand, audio format. Google wants to change this. Today, it announced plans to bring Your News Update to Googl…",https://www.engadget.com/google-local-news-podcasts-app-assistant-145951020.html,https://o.aolcdn.com/images/dims?resize=1200%2C630&crop=1200%2C630%2C0%2C0&quality=95&image_uri=https%3A%2F%2Fs.yimg.com%2Fos%2Fcreatr-images%2F2020-04%2F6b281450-7f88-11ea-8fef-3fdb50d1a398&client=amp-blogside-v2&signature=7bd274bcbc5ecd5bf994ddb80db9490b6dab8f90,2020-09-02 14:59:51,"You’ll also be able to find local news through Google Assistant. When you ask a Google Nest smart speaker to “play local news” or “play news about [your city],” you’ll hear local news stories in both… [+1014 chars]"
Engadget,Mariella Moon,FDA approves first automated insulin system for kids,"Testing blood sugar frequently and administering insulin as needed throughout the day isn’t easy, especially if the individual with diabetes is a young child who can’t do it on their own yet. Now, there’s an FDA-sanctioned device that could make things easier…",https://www.engadget.com/fda-approves-automated-insulin-system-for-kids-090120022.html,https://o.aolcdn.com/images/dims?resize=1200%2C630&crop=1200%2C630%2C0%2C0&quality=95&image_uri=https%3A%2F%2Fs.yimg.com%2Fos%2Fcreatr-uploaded-images%2F2020-09%2F1e7c5bc0-ec1b-11ea-bbfc-eb6664f0b660&client=amp-blogside-v2&signature=770c4754a29035b9bc4def3df40cca660353200e,2020-09-01 09:01:20,The device’s sensor that’s attached to the patient’s body can measure glucose levels under the skin every five minutes. It also comes with a pump and an infusion patch connected to the pump with a ca… [+1064 chars]
Engadget,Nick Summers,Google Docs update makes it easier for visually impaired users to navigate,"Google is making it easier for visually impaired people to use its Microsoft Office alternatives. The biggest change is a new shortcut — Ctrl+Alt+H on Windows, and CMD+Option+H on Mac — to instantly toggle Braille support in Docs, Sheets and Slides. Navigatio…",https://www.engadget.com/google-docs-update-braille-support-shortcuts-navigation-verbalized-133049191.html,https://o.aolcdn.com/images/dims?resize=1200%2C630&crop=1200%2C630%2C0%2C0&quality=95&image_uri=https%3A%2F%2Fs.yimg.com%2Fos%2Fcreatr-uploaded-images%2F2020-09%2Fcc15eff0-ec50-11ea-b7d3-029b47c353b8&client=amp-blogside-v2&signature=5e8c432f5f7533a6dcab34a90aa95ce5cffcaa8b,2020-09-01 13:30:49,"Google is making it easier for visually impaired people to use its Microsoft Office alternatives. The biggest change is a new shortcut — Ctrl+Alt+H on Windows, and CMD+Option+H on Mac — to instantly … [+1081 chars]"
Engadget,Igor Bonifacic,Uber will require some riders to verify they're wearing masks,"As an Uber passenger, you already have to verify that you've washed or sanitized your hands and that you're wearing a mask before getting into a ride. But the company will soon require users who show disregard or ignorance of those rules to submit to addition…",https://www.engadget.com/uber-rider-mask-selfie-verification-140016317.html,https://o.aolcdn.com/images/dims?resize=1200%2C630&crop=1200%2C630%2C0%2C0&quality=95&image_uri=https%3A%2F%2Fs.yimg.com%2Fos%2Fcreatr-uploaded-images%2F2020-08%2Fb792cee0-ebd3-11ea-ad9b-dcd4bc8cf093&client=amp-blogside-v2&signature=0b7f484c675f50548d185f0df1f30a909f932dac,2020-09-01 12:00:16,"As an Uber passenger, you already have to verify that you've washed or sanitized your hands and that you're wearing a mask before getting into a ride. But the company will soon require users who show… [+1008 chars]"
Engadget,Valentina Palladino,Segway's ES2 electric scooter is nearly 50 percent off at Amazon,"If you’re looking for a fun and convenient way to travel short distances, an electric scooter can do the trick. Most can be pretty expensive, but one of Segway’s scooters is deeply discounted right now. Amazon has the Segway Ninebot ES2 electric scooter for $…",https://www.engadget.com/segway-ninebot-es2-electric-scooter-sale-coupon-amazon-141044227.html,https://o.aolcdn.com/images/dims?resize=1200%2C630&crop=1200%2C630%2C0%2C0&quality=95&image_uri=https%3A%2F%2Fs.yimg.com%2Fos%2Fcreatr-uploaded-images%2F2020-07%2F728aeaa0-cddb-11ea-93fc-ff1eb51e6c38&client=amp-blogside-v2&signature=2f6694ff6a48110ec8e9da891db56a60fe97ec29,2020-09-04 14:10:44,"The previous low for this scooter was $469, so this is an excellent deal. It’s unclear how long the additional $90 coupon will be available, but it remains a good deal even if you only get it for the… [+1352 chars]"
Engadget,Jon Fingas,Ransomware may have led to the death of a German hospital patient,"Ransomware is known to have serious consequences, but one of the latest attacks might have been fatal. BBC News reports (via MIT Technology Review) that prosecutors in Cologne, Germany have launched a negligent homicide investigation after a Düsseldorf Univer…",https://www.engadget.com/ransomware-death-at-german-hospital-210309749.html,https://o.aolcdn.com/images/dims?resize=1200%2C630&crop=1200%2C630%2C0%2C0&quality=95&image_uri=https%3A%2F%2Fs.yimg.com%2Fos%2Fcreatr-uploaded-images%2F2020-09%2F21736ac0-fab8-11ea-afbc-52d669b79c17&client=amp-blogside-v2&signature=e6e211792a8fdb2983ab5c01f9ad02f100ad6128,2020-09-19 21:03:09,"Whatever the intentions, this may have been an avoidable breach. The intruders exploited a known security flaw in Citrix’s VPN software, and Germany’s cybersecurity authority said it warned of the vu… [+421 chars]"
Engadget,Karissa Bell,What we know about Trump’s ‘ban’ on TikTok and WeChat,"When the Department of Commerce said Friday that it would soon bar all new downloads of WeChat and TikTok from US App Stores, it marked the latest escalation in the weeks-long saga over TikTok’s future in America. The drama has been playing out since early Au…",https://www.engadget.com/trump-ban-tiktok-wechat-explained-213510286.html,https://o.aolcdn.com/images/dims?resize=1200%2C630&crop=1200%2C630%2C0%2C0&quality=95&image_uri=https%3A%2F%2Fs.yimg.com%2Fos%2Fcreatr-uploaded-images%2F2020-09%2F34b90aa0-f9f4-11ea-bf45-0d211ec416f9&client=amp-blogside-v2&signature=aea92362f84577b6267aefe163a1efc63a681006,2020-09-18 21:35:10,"The second date is November 12, when the Commerce Department says the service will face a more sweeping ban that will bar any use of TikTok at all. But this is hardly set in stone either. It notes th… [+5313 chars]"
Engadget,Valentina Palladino,Fitbit’s $329 Sense smartwatch tracks ECG and your body’s stress response,"While Fitbit focused on fitness trackers earlier this year with the launch of the Charge 4, the fall is all about new smartwatches. The latest timepiece from the company is the $329 Fitbit Sense, an “advanced health” wearable that includes new hardware like a…",https://www.engadget.com/fitbit-sense-smartwatch-versa-3-inspire-2-price-specs-availability-130050204.html,https://o.aolcdn.com/images/dims?resize=1200%2C630&crop=1200%2C630%2C0%2C0&quality=95&image_uri=https%3A%2F%2Fs.yimg.com%2Fos%2Fcreatr-uploaded-images%2F2020-08%2F7b865a90-e631-11ea-bded-80cc10c26115&client=amp-blogside-v2&signature=60bc584f33d7cc77d4ae90aafca0b2f128d4da07,2020-08-25 13:01:32,"This feeds into Fitbit’s renewed focus on helping users track and manage stress, which now goes beyond the guided breathing exercises already available on most of its wearables. The EDA sensor record… [+4146 chars]"
Engadget,Chris Velazco,Facebook launches Campus to keep college kids connected (again),"When you see Mark Zuckerberg being grilled by Congress or listening to people discuss his company's role in presidential elections, it can be easy to forget Facebook's roots as a college-only social network. Now, with a new school year upon us, Facebook is em…",https://www.engadget.com/facebook-campus-college-only-social-network-again-150534405.html,https://o.aolcdn.com/images/dims?resize=1200%2C630&crop=1200%2C630%2C0%2C0&quality=95&image_uri=https%3A%2F%2Fs.yimg.com%2Fos%2Fcreatr-uploaded-images%2F2020-09%2F717b9870-f375-11ea-a67f-a1edc596e968&client=amp-blogside-v2&signature=3f04f67cca19a2b203d991a236fd7dc235135618,2020-09-10 15:05:34,"When you see Mark Zuckerberg being grilled by Congress or listening to people discuss his company's role in presidential elections, it can be easy to forget Facebook's roots as a college-only social … [+2186 chars]"
Engadget,Billy Steele,Qualcomm's adaptive ANC adjusts to changes in earbud fit,"Active Noise Cancellation (ANC) has been a standard feature on true wireless earbuds for quite some time. Due to the nature of the earbud design, noise cancellation has to account for ambient noise differently than traditional over-ear headphones. Instead of …",https://www.engadget.com/qualcomm-adaptive-active-noise-cancellation-true-wireless-earbuds-073005979.html,https://o.aolcdn.com/images/dims?resize=1200%2C630&crop=1200%2C630%2C0%2C0&quality=95&image_uri=https%3A%2F%2Fs.yimg.com%2Fos%2Fcreatr-uploaded-images%2F2020-09%2Ffd9ce2d0-ed2d-11ea-bbf7-acfcaaba8072&client=amp-blogside-v2&signature=82b049b44e93a7263a38461a36e708b545e89145,2020-09-03 07:30:05,"Qualcomm says its adaptive noise cancellation system can also account for changes to fit during activities like running. And when the noise level of your environment gets louder or softer, it can inc… [+1892 chars]"
Engadget,Devindra Hardawar,How 'Coraline' studio Laiki uses Intel's AI to perfect stop motion films,"Laika, the stop motion animation studio behind films like Coraline and Kubo and the Two Strings, isn't afraid to embrace new technology. We chronicled how it used 3D printing to add a whole new level of detail to 2012 film Paranorman. Now, the studio has its …",https://www.engadget.com/laika-intel-machine-learning-stop-motion-134526313.html,https://o.aolcdn.com/images/dims?resize=1200%2C630&crop=1200%2C630%2C0%2C0&quality=95&image_uri=https%3A%2F%2Fs.yimg.com%2Fos%2Fcreatr-uploaded-images%2F2020-08%2F7171a041-ebc8-11ea-b9bc-248c0540db59&client=amp-blogside-v2&signature=18a0f50799cd24540a9cecc77b93ff7e7b85c3bc,2020-09-01 13:45:26,"At one point, the studio even considered leaving those artifacts in the films to add a bit of character to the scene. It could have been a way to remind audiences that everything they’re watching is … [+1276 chars]"
Engadget,Jon Fingas,US considers blocking deals with China's largest chip maker,The US’ trade bans on Chinese companies like Huawei and ZTE might have been just the beginning. The Defense Department has confirmed to the Wall Street Journal that agencies are discussing whether or not they’ll add China’s Semiconductor Manufacturing Interna…,https://www.engadget.com/us-may-blacklist-china-chip-maker-smic-192314617.html,https://o.aolcdn.com/images/dims?resize=1200%2C630&crop=1200%2C630%2C0%2C0&quality=95&image_uri=https%3A%2F%2Fs.yimg.com%2Fos%2Fcreatr-uploaded-images%2F2020-09%2Fd62f7f90-efa9-11ea-bfb7-e29aa598ae84&client=amp-blogside-v2&signature=027edd30b05e01709d1e9c82e903298b1095f947,2020-09-05 19:23:14,"SMIC rejected the alleged defense connection in a statement. It insisted that it offers chips and services “solely” for civilian uses, and that it had “no relationship with the Chinese military.” SOS… [+705 chars]"
Engadget,Nicole Lee,Vue Lite smart glasses aren't that smart,"In 2016, Vue debuted its first pair of smart glasses on Kickstarter, where it raised over $2 million. But unlike AR glasses such as North’s Focals, the Vue Pro ($299) were regular frames with built-in speakers. It featured bone conduction technology, the abil…",https://www.engadget.com/vue-lite-smart-glasses-hands-on-150048078.html,https://o.aolcdn.com/images/dims?resize=1200%2C630&crop=1200%2C630%2C0%2C0&quality=95&image_uri=https%3A%2F%2Fs.yimg.com%2Fos%2Fcreatr-uploaded-images%2F2020-08%2Fa0b2cfe0-e665-11ea-a9bd-5770ab72188f&client=amp-blogside-v2&signature=c64476abb3319aee9950a3d9b905515fb9365a40,2020-08-25 15:00:48,"In a lot of ways, the Vue Lite is akin to Amazon’s Echo Frames (which haven’t officially launched yet) as well as the Bose Frames (albeit without the latter’s AR and gesture elements). But after tryi… [+6508 chars]"
Engadget,Nicole Lee,"Tile's new service will offer up to $1,000 if it can't find your stuff","One of the defining features of Tile’s Bluetooth trackers is the ability to tap into a crowdsourced network to help you find your things. Any users’ Tile app, not just your own, can ping the whereabouts of your tracker, allowing you to locate your stuff even …",https://www.engadget.com/tile-premium-protect-150028951.html,https://o.aolcdn.com/images/dims?resize=1200%2C630&crop=1200%2C630%2C0%2C0&quality=95&image_uri=https%3A%2F%2Fs.yimg.com%2Fos%2Fcreatr-uploaded-images%2F2020-09%2Ff8c863d0-f271-11ea-b7fb-8bacbe24c5b6&client=amp-blogside-v2&signature=9b8124ba98d242a71d405481e6f4fc78c9a91d90,2020-09-09 15:00:28,The Premium Protect service will cover not just Tile trackers but also Tile-enabled partner products like SkullCandy earbuds and the HP Elite Dragonfly laptop. The service warranty is provided in par… [+2598 chars]
Engadget,Devindra Hardawar,NVIDIA RTX 3080 review: A huge leap for 4K gaming with raytracing,"NVIDIA spent the past two years selling the idea of real-time ray tracing. And I mean, really selling it. There was the slick Star Wars demo that showed where the technology could lead. There were partnerships with EA to bring it to games like Battlefield V. …",https://www.engadget.com/nvidia-rtx-3080-review-ray-tracing-130054340.html,https://o.aolcdn.com/images/dims?resize=1200%2C630&crop=1200%2C630%2C0%2C0&quality=95&image_uri=https%3A%2F%2Fs.yimg.com%2Fos%2Fcreatr-uploaded-images%2F2020-09%2F729754b5-f6c2-11ea-bd7d-3963b471ba98&client=amp-blogside-v2&signature=54afb6b9663e682b9485f476dda1c7a5f7fd16f5,2020-09-16 13:00:54,"The 3080 Founders Edition card we reviewed isn’t much bigger than the 2080 Ti. It has a sleek, almost office-professional aesthetic that’s a nice contrast to the gaudy third-party cards we’ll inevita… [+2650 chars]"
Engadget,Igor Bonifacic,Here's everything Apple announced at its 'Time Flies' event,"Apple didn’t announce any new iPhones at its latest keynote but it still had plenty of new devices to share, including two new Watch models, and an iPad Air that features a new design. The company also detailed its new Apple One subscription bundles and Fitne…",https://www.engadget.com/apple-fall-2020-event-roundup-214437110.html,https://o.aolcdn.com/images/dims?resize=1200%2C630&crop=1200%2C630%2C0%2C0&quality=95&image_uri=https%3A%2F%2Fs.yimg.com%2Fos%2Fcreatr-uploaded-images%2F2020-09%2Ff50cf9f0-f789-11ea-bf37-10ab88ba48f9&client=amp-blogside-v2&signature=99975e4e044ccb08f51f255a17583e3351790da9,2020-09-15 21:44:37,Other hardware upgrades include a new S6 chip that Apple says is more power-efficient and charges 20 percent faster. The Series 6’s always-on display is 2.5 times brighter than the one on its predece… [+4421 chars]
Engadget,Daniel Cooper,"Huawei's latest MateBook X looks great, but good luck getting one","It’s a shame that Huawei is the most controversial hardware company in technology. Its laptop products have been getting progressively better in the last few years, but so few people in the US will ever see them, let alone buy one. Today the company is updati…",https://www.engadget.com/huawei-matebook-x-2020-123047706.html,https://o.aolcdn.com/images/dims?resize=1200%2C630&crop=1200%2C630%2C0%2C0&quality=95&image_uri=https%3A%2F%2Fs.yimg.com%2Fos%2Fcreatr-uploaded-images%2F2020-09%2F3494f820-f2b2-11ea-bf4d-1914468a4e8e&client=amp-blogside-v2&signature=3647bf4627511c62839b25b7eb896d6d1838cca4,2020-09-10 12:30:47,"Modeled after Apple’s suffix-less MacBook (RIP), the MateBook X is a stripped-down machine designed to travel. It’s the third-generation of this machine that the company has made, and each one has pr… [+3074 chars]"
Engadget,Daniel Cooper,Amazon Halo is a subscription fitness wearable and platform,"Amazon is no longer content to allow mainstream wearable technology companies to dominate the fitness space. Today, the mega-retailer is launching a subscription fitness product dubbed Amazon Halo that’s designed to encourage users to improve their health and…",https://www.engadget.com/amazon-halo-fitness-platform-134146361.html,https://o.aolcdn.com/images/dims?resize=1200%2C630&crop=1200%2C630%2C0%2C0&quality=95&image_uri=https%3A%2F%2Fs.yimg.com%2Fos%2Fcreatr-uploaded-images%2F2020-08%2F8a10ddc0-e86a-11ea-96de-5e63d8ccb037&client=amp-blogside-v2&signature=c8931d3fa9955156bc529b2260ed8b861d3249a6,2020-08-27 13:41:46,"According to Amazon, how you speak is a useful indicator of your wellbeing, both emotionally and physically. Consequently, the Halo Band will monitor your tone to determine if you’re feeling positive… [+2472 chars]"
Engadget,James Trew,WildLeaks: The whistleblowing site for planet Earth,"“Really, fuck fuck fuck fuck, fuck” Andrea Crosta tells the driver of the car he just got in. Crosta is the founder of WildLeaks, a whistleblowing site for environmental crime, and he’s just aborted an undercover operation with a prominent ivory trader in Chi…",https://www.engadget.com/wildleaks-earth-league-international-conservation-whistleblower-133053631.html,https://o.aolcdn.com/images/dims?resize=1200%2C630&crop=1200%2C630%2C0%2C0&quality=95&image_uri=https%3A%2F%2Fs.yimg.com%2Fos%2Fcreatr-uploaded-images%2F2020-09%2F29ca8250-f1ba-11ea-a62f-971ff835448b&client=amp-blogside-v2&signature=183207d89d2630c85a616565f130ed3ad2cc6d3c,2020-09-08 13:30:53,"A shaky video is posted to WildLeaks’ blog. At first, it just looks like any other (badly shot) home video of a safari trip, until you see the barrel of the gun. The person holding it is standing in … [+7972 chars]"
Engadget,Chris Velazco,What you need to know about Apple's iPhone 12 and 12 Pro,"Fall is nearly upon us, which means Apple is gearing up to unveil its newest iPhones. 2020 being what it is, however, it's far from business as usual over in Cupertino. Apple has already confirmed it will ship its new smartphones later than usual this year an…",https://www.engadget.com/iphone-12-iphone-12-pro-what-you-need-to-know-price-5g-release-date-2020-184302416.html,https://o.aolcdn.com/images/dims?resize=1200%2C630&crop=1200%2C630%2C0%2C0&quality=95&image_uri=https%3A%2F%2Fs.yimg.com%2Fos%2Fcreatr-uploaded-images%2F2020-08%2Fcef3bbc0-e940-11ea-b77e-777ef3259f53&client=amp-blogside-v2&signature=6ac17effc7b5aaa24f79276c2f32f7ae73537ab6,2020-08-28 18:43:02,"While we wait for the full, official details to emerge, let's take a look at what we already know about the most unusual iPhone launch in Apple's history.
This story was first published on August 28… [+2403 chars]"
Wired,"Gregory Barber, Will Knight",Why Contact-Tracing Apps Haven’t Slowed Covid-19 in the US,"Lack of coordination, test shortages, and mistrust of technology have hobbled what looked like a promising innovation.",https://www.wired.com/story/why-contact-tracing-apps-not-slowed-covid-us/,"https://media.wired.com/photos/5f4ee4350cf9e337f0b184ab/191:100/w_1280,c_limit/business_tracing_1263517240.jpg",2020-09-08 11:00:00,"States such as Massachusetts and New Jersey have left their app plans in limbo or abandoned them to focus on the bigger picture. States are struggling to stand up a public health response in general,… [+4304 chars]"
Wired,"Kevin Xu, Jordan Schneider",The Future of American Industry Depends on Open Source Tech,"Instead of launching into a costly trade war with China, we need to fully embrace the fastest, safest, and most democratic way of advancing technology.",https://www.wired.com/story/opinon-the-future-of-american-industry-depends-on-open-source-tech/,"https://media.wired.com/photos/5f451500d741517d4f090371/191:100/w_1280,c_limit/open-source.png",2020-08-26 14:02:29,"When you stream the latest Netflix show, you fire up servers on Amazon Web Services, most of which run on Linux. When a F-16 fighter takes off, three Kubernetes clusters run to keep the jets software… [+5180 chars]"
Wired,Megan Molteni,Human Embryo Gene Editing Gets a Road Map—Not a Green Light,"After the 2018 “Crispr baby” scandal, a global commission assessed the technology and set strict criteria for moving it toward clinical trials.",https://www.wired.com/story/human-embryo-gene-editing-gets-a-road-map-not-a-green-light/,"https://media.wired.com/photos/5f5039bf0cf9e337f0b184b4/191:100/w_1280,c_limit/image%2520(14).png",2020-09-03 16:05:50,"For that reason, the authors of the report lay out exactly how many and what kind of off-target effects might be acceptable. They put that threshold at no more than the average rate of new mutations … [+4223 chars]"
Wired,"Casey Fiesler, Natalie Garrett",Ethical Tech Starts With Addressing Ethical Debt,The rise of “zoombombing” is just the latest example of why developers need to plan for harmful misuses as much as potential costly bugs.,https://www.wired.com/story/opinion-ethical-tech-starts-with-addressing-ethical-debt/,"https://media.wired.com/photos/5f6150c119124f1a90537185/191:100/w_1280,c_limit/OpEd-Debt-528127540.jpg",2020-09-16 13:00:00,"Awful people will use technology to do awful things. This is a universal truth that applies to almost any technology that facilitates communication and interaction, no matter how well intentioned it … [+4893 chars]"
Wired,Tom Simonite,Google Offers to Help Others With the Tricky Ethics of AI,"After learning its own ethics lessons the hard way, the tech giant will offer services like spotting racial bias or developing guidelines around AI projects.",https://www.wired.com/story/google-help-others-tricky-ethics-ai/,"https://media.wired.com/photos/5f483e71bb023d54b55e4e09/191:100/w_1280,c_limit/business_google_20.93146987.jpg",2020-08-28 13:00:00,"Companies pay cloud computing providers like Amazon, Microsoft, and Google big money to avoid operating their own digital infrastructure. Googles cloud division will soon invite customers to outsourc… [+3877 chars]"
Wired,"Timothy B. Lee, Ars Technica",Lidar Is Finally Becoming a Real Business,"The success of lidar companies was unclear until this summer, when three leading makers offered glimpses of their finances.",https://www.wired.com/story/lidar-is-finally-becoming-a-real-business/,"https://media.wired.com/photos/5f5aa5315fc9e3620ef2e8ba/191:100/w_1280,c_limit/business_lidar_1164317768.jpg",2020-09-11 12:00:00,"For years, thelidar business has had a lot of hype but not a lot of hard numbers. Dozens of lidar startups have touted their impressive technology, but until recently it wasn't clear who, if anyone, … [+4197 chars]"
Wired,Arielle Pardes,Hate Social Media? You’ll Love This Documentary,"The Social Dilemma argues that humanity’s greatest existential threat is not climate change, but Facebook.",https://www.wired.com/story/social-dilemma-netflix-documentary/,"https://media.wired.com/photos/5f57b6d02e2f5001616e3172/191:100/w_1280,c_limit/Culture_SocialDelimma_Ben-w-Overlays_SMALL_PhotoCredit-TheSocialDilemma.jpg",2020-09-09 13:00:00,"As a documentary filmmaker, Jeff Orlowski seems preoccupied with the destruction of the world. His 2012 film Chasing Ice captured the devastating effects of climate change on melting glaciers. In 201… [+3537 chars]"
Wired,Lauren Goode,School in the Age of Covid: A Series of Impossible Decisions,"Pandemic pods? Blended learning? What about the digital divide? On this week’s Get WIRED podcast, listeners share their “back” to school struggles.",https://www.wired.com/story/get-wired-podcast-7-covid-school/,"https://media.wired.com/photos/5f515aa63cf60fd0f7b47703/191:100/w_1280,c_limit/Get-Wired-Remote-Learning-1226846898.jpg",2020-09-08 11:00:00,"The coronavirus pandemic has forced people to perform complicated mental gymnastics and assess the risk of nearly every interaction they have. And now that fall is here, parents, teachers, and kids i… [+1561 chars]"
Wired,"Brennan Kilbane, Allure",The Bathroom of Tomorrow: Shower & Bath Tech of 2020,"Bathrooms are getting smarter, smelling nicer, making you sweat, cooling you down, and, of course, still graciously accepting your waste.",https://www.wired.com/story/a-glimpse-at-the-shiny-ritzy-bathroom-of-tomorrow/,"https://media.wired.com/photos/5f44049037e06d513ea90723/191:100/w_1280,c_limit/future-of-beauty-bathroom.jpg",2020-08-27 11:00:00,"Oh, bathroomsa place in the house where so much happens. You shower, shave, perform your skin-care routine, and so much more. As technology gets smarter, bathrooms do too. You might have thought that… [+1412 chars]"
Wired,Arielle Pardes,Elon Musk Is About to Show Off His Neuralink Brain Implant,Musk tweeted that his “V2” update will blow our minds. But how close is he to putting computer chips in them?,https://www.wired.com/story/elon-musk-neuralink-brain-implant-v2-demo/,"https://media.wired.com/photos/5f47ef05c36fa4bcfd9eca03/191:100/w_1280,c_limit/Security_ElonMusk-1206292074.jpg",2020-08-28 11:00:00,"In the mind of Elon Musk, the worlds thorniest problems become shockingly, wonderfully simple. Traffic in LA got you down? Here, take a ride on this underground super-luge. Carbon emissions are stink… [+3705 chars]"
Wired,"Bradley Hope, Justin Scheck",A Saudi Prince's Attempt to Silence Critics on Twitter,An ongoing investigation reveals how Mohammed bin Salman's team allegedly infiltrated the platform—and got away with it.,https://www.wired.com/story/mohammed-bin-salman-twitter-investigation/,"https://media.wired.com/photos/5f4d59680cf9e337f0b1849c/191:100/w_1280,c_limit/backchannel-excerpt-blood-and-oil.jpg",2020-09-01 12:00:00,"Abouammo complied, using his access to internal systems to find Mujtahidds email address and phone number. It was a potentially reckless move by the Twitter employee, possibly unmasking critics of a … [+3565 chars]"
Wired,Louise Matsakis,How WeChat Censored the Coronavirus Pandemic,"In China, the messaging platform blocked thousands of keywords related to the virus, a new report reveals.",https://www.wired.com/story/wechat-chinese-internet-censorship-coronavirus/,"https://media.wired.com/photos/5f46ababa73ba18581f3aac0/191:100/w_1280,c_limit/Security_China_1228043332.jpg",2020-08-27 21:30:00,"When the novelcoronavirus was first discovered in China last winter, the country responded aggressively, placing tens of millions of people into strict lockdown. As Covid-19 spread from Wuhan to the … [+3647 chars]"
Wired,Will Knight,Anduril’s New Drone Offers to Inject More AI Into Warfare,"A swarm of Ghost 4s, controlled by a single person on the ground, can perform reconnaissance missions like searching for enemy weapons or soldiers.",https://www.wired.com/story/anduril-new-drone-inject-ai-warfare/,"https://media.wired.com/photos/5f59679f7d996391a1b72bde/191:100/w_1280,c_limit/business_ghost4_studio_01.jpg",2020-09-10 12:00:00,"This spring, a team of small drones, each resembling a small, sensor-laden helicopter, scoured a lush stretch of wilderness near Irvine, California. They spent hours circling the sky, seeking, among … [+3950 chars]"
Wired,Gilad Edelman,Should Google’s Ad Market Be Regulated Like the Stock Market?,A leading antitrust scholar says yes. Congress may be listening.,https://www.wired.com/story/google-ad-market-regulated-like-stock-market/,"https://media.wired.com/photos/5f4719509626ac1b1b3e51fa/191:100/w_1280,c_limit/security-google-markets-ads%2520588310690.jpg",2020-08-31 11:00:00,"The days of suit-clad men shouting out orders on the bustling floors of stock exchanges are mostly gone, replaced by windowless rooms full of servers, but the stock market is still a busy place. On t… [+4592 chars]"
Wired,Jaime Stathis,There's No Better Time to Be an Amateur Radio Geek,"Once considered a nerdy basement hobby, lo-fi transmissions from ordinary folks save lives during wildfires, hurricanes, and other climate disasters.",https://www.wired.com/story/amateur-radio-disaster-preparedness/,"https://media.wired.com/photos/5f61492b8595a16063bbc4aa/191:100/w_1280,c_limit/Gear-Amateur-Radio-Geek-77136522.jpg",2020-09-16 11:00:00,"Haggerty-Sollars and her neighbor, Judy, were never far from each other, but first Judy lost her cellphone signal and then Haggerty-Sollars lost hers when she drove through flamesdespite being in a r… [+4016 chars]"
Wired,Sandra Upson,How an Epic Series of Tech Errors Hobbled Miami’s Schools,"It started with the district hiring a little-known virtual charter school company, which led to balky connections and an even more troublesome curriculum.",https://www.wired.com/story/epic-tech-errors-hobbled-miamis-schools/,"https://media.wired.com/photos/5f600ea8470e71528f4f8835/191:100/w_1280,c_limit/business_miami_1228339859.jpg",2020-09-16 11:00:00,"The teachers received demo logins to try out the platform, but they didnt work, and even the trainers struggled to access it, West says. From 8 am until 3:30 pm each day, teachers took notes without … [+4113 chars]"
Wired,"Jennifer Ouellette, Ars Technica",Mathematicians May Have Figured Out How ‘Stone Forests’ Form,An NYU team thinks it's finally unlocked the secret to how these mysterious landforms get their interesting shape.,https://www.wired.com/story/mathematicians-may-have-figured-out-how-stone-forests-form/,"https://media.wired.com/photos/5f64c7e5a2b5732bb888bfd2/191:100/w_1280,c_limit/Science_Shilin_1185383290.jpg",2020-09-19 14:00:00,"There are many wondrous geologic formations in nature, from Giant's Causeway in Ireland to Castleton Tower in Utah, and the various processes by which such structures form is of longstanding interest… [+4326 chars]"
Wired,"Parag Khanna, Michael Ferrari",Geoengineering Is the Only Solution to Our Climate Calamities,Altering Earth’s geophysical environment is a moon shot—and it will be the only way to reverse the damage done. It’s time to take it more seriously.,https://www.wired.com/story/geoengineering-is-the-only-solution-to-our-climate-calamities/,"https://media.wired.com/photos/5f652ca119124f1a905371a9/191:100/w_1280,c_limit/OpEd-Climate-Calamities-1272532756.jpg",2020-09-20 13:00:00,"If global warming were an extraterrestrial adversary, it would not have to fear a diplomatically unified Earth. The past decade of climate summits in Copenhagen, Bali, Cancun, and Paris have only nud… [+4472 chars]"
Wired,Virginia Heffernan,"Steely Eyes, Tragic Ends: The Bromantic Theory of History",It’s no exaggeration to say that emotional affairs of the male heart can influence technology and geopolitics.,https://www.wired.com/story/steely-eyes-tragic-ends-the-bromantic-theory-of-history/,"https://media.wired.com/photos/5f45dd446c3c14defaab7f6a/191:100/w_1280,c_limit/Dangerous-Charisma.jpg",2020-08-26 12:00:00,"Years ago, I fact-checked two memoirs by powerful men. Their books wised me up to an invisible poltergeist in world events: the feverish infatuation of one straight man for another. 
One of the auth… [+4585 chars]"
Wired,Daniel Oberhaus,Is Lightning-Fast Plasma the Key to a Cleaner Car Engine?,"Researchers have long experimented with “lean burn” engines, which boost efficiency and reduce the emissions from combustion. But getting them to ignite is tricky.",https://www.wired.com/story/is-lightning-fast-plasma-the-key-to-a-cleaner-car-engine/,"https://media.wired.com/photos/5f57dac25c49dd59083f89ed/191:100/w_1280,c_limit/Science_Plasma-021---Large-Gap---Multiple-Shots.jpg",2020-09-09 11:00:00,"There are something like a billion cars on the worlds roads today and almost all of them are powered by internal combustion. In fact, the 150-year-old technology is at the heart of most forms of tran… [+3391 chars]"
Wired,Matt Simon,Could a Tree Help Find a Decaying Corpse Nearby?,"On a “body farm,” researchers are exploring whether the nutrients from human cadavers can change the look of plants, which authorities might use to locate missing persons.",https://www.wired.com/story/could-a-tree-signal-if-a-corpse-is-decaying/,"https://media.wired.com/photos/5f4fd20a643fbe1f6e68076b/191:100/w_1280,c_limit/Science_forest_1208989971.jpg",2020-09-03 15:00:00,"There are a few ways a leaf response could play out. For one thing, the leaves might reflect more or less light, or change in colorgetting greener or even red, for example. We're definitely looking a… [+3921 chars]"
Wired,Will Knight,A Dogfight Renews Concerns About AI's Lethal Potential,Alphabet's DeepMind pioneered reinforcement learning. A California company used it to create an algorithm that defeated an F-16 pilot in a simulation.,https://www.wired.com/story/dogfight-renews-concerns-ai-lethal-potential/,"https://media.wired.com/photos/5f4437bbc83d017a112ec55f/191:100/w_1280,c_limit/business_f16_927284852.jpg",2020-08-25 12:00:00,"One wonders if the vision of a rapid, overwhelming, swarm-like robotics technology is really consistent with a human being in the loop, says Ryan Calo, a professor at the University of Washington. Th… [+4815 chars]"
